file,project_or_subject,category,recommended_use,source_page,width,height,notes
/images/hero/rah-gostar-valash-infrastructure-hero.webp,Hero / Qods Township - Ayatollah Boroujerdi grade-separated intersection,roads,Hero candidate,PDF p.52,500,375,Use as a hero candidate; documented on page with Qods Township grade-separated intersection and Qom-Jafarieh asphalt.
/images/projects/rcc/boroujerdi-rcc-01.webp,"Ayatollah Boroujerdi Boulevard RCC, Qom",rcc,Project / capability,PDF p.46,1091,532,"Documented: RCC, 10 km length, 40 m width."
/images/projects/rcc/hejij-daryan-rcc-01.webp,Hejij-Daryan route - subgrade and RCC,rcc,Project / capability,PDF p.49,800,600,"Documented: 9 km length, 8 m width."
/images/projects/rcc/zabol-cement-access-rcc-01.webp,Zabol Cement Factory access road,rcc,Project / capability,PDF p.50,639,587,"Documented: 16 km length, 9 m width."
/images/projects/rcc/qorveh-pumice-access-01.webp,Qorveh industrial pumice mine access road,rcc,Project / capability,PDF p.48,592,477,"Documented: 11 km length, 7.6 m width."
/images/projects/soil-stabilization/northeast-border-stabilization-01.webp,Northeast border closure - Wirtgen stabilization,soil-stabilization,Project / equipment,PDF p.43,1280,404,Documented stabilization length: 50 km.
/images/projects/soil-stabilization/northeast-border-stabilization-02.webp,Northeast border closure - Wirtgen stabilization,soil-stabilization,Project / equipment,PDF p.43,1280,736,Documented stabilization length: 50 km.
/images/projects/soil-stabilization/iran-hormuz-stabilization-01.webp,Iran Hormuz patrol road - soil stabilization,soil-stabilization,Project / capability,PDF p.44,1280,576,Documented stabilization length: 11.5 km.
/images/projects/soil-stabilization/iran-hormuz-stabilization-02.webp,Iran Hormuz patrol road - soil stabilization,soil-stabilization,Project / capability,PDF p.44,1280,577,Documented stabilization length: 11.5 km.
/images/projects/soil-stabilization/qom-jafarieh-stabilization-01.webp,Qom-Jafarieh return lane stabilization and asphalt,soil-stabilization,Project / capability,PDF p.45,800,450,"Documented: 6 km length, 11 m width."
/images/projects/roads/gilan-sabz-siahkal-01.webp,Gilan Sabz Cement Factory to Larikhani/Siahkal access route,roads,Project,PDF p.47,1173,1317,"Documented: 15 km length, 8 m width."
/images/projects/roads/pardisan-parand-asphalt-01.webp,Asphalt works - Pardisan / Parand project page,roads,Project / portfolio,PDF p.51,1280,720,Page documents Pardisan 70-ha roads and Parand Industrial Town roads; do not assign this individual photo more specifically without manual confirmation.
/images/projects/roads/pardisan-parand-asphalt-02.webp,Asphalt works - Pardisan / Parand project page,roads,Project / portfolio,PDF p.51,1280,691,Page documents Pardisan 70-ha roads and Parand Industrial Town roads; do not assign this individual photo more specifically without manual confirmation.
/images/projects/roads/qom-jafarieh-asphalt-01.webp,Qom-Jafarieh asphalt / Qods interchange project page,roads,Project / portfolio,PDF p.52,1274,717,Page documents Qods Township interchange and Qom-Jafarieh asphalt; use only at page-level unless visually/manual confirmed.
/images/projects/roads/iran-hormuz-ferdow-kahak-01.webp,Iran Hormuz patrol road / Ferdow-Kahak access project page,roads,Project / portfolio,PDF p.53,1091,787,Page documents both projects; individual-photo assignment should be manually confirmed.
/images/projects/roads/iran-hormuz-ferdow-kahak-02.webp,Iran Hormuz patrol road / Ferdow-Kahak access project page,roads,Project / portfolio,PDF p.53,1280,720,Page documents both projects; individual-photo assignment should be manually confirmed.
/images/projects/roads/malard-industrial-town-01.webp,West Malard Industrial Town earthworks,roads,Project,PDF p.54,793,793,"Documented earthworks, grading, subbase and curbs."
/images/projects/roads/malard-industrial-town-02.webp,West Malard Industrial Town earthworks,roads,Project,PDF p.54,791,791,"Documented earthworks, grading, subbase and curbs."
/images/projects/precast-walls/iran-hormuz-precast-01.webp,Iran Hormuz patrol road and perimeter wall,precast-walls,Project / capability,PDF p.41,1032,581,Documented project length: 11.5 km.
/images/projects/precast-walls/iran-hormuz-precast-02.webp,Iran Hormuz patrol road and perimeter wall,precast-walls,Project / capability,PDF p.41,1280,692,Documented project length: 11.5 km.
/images/projects/precast-walls/precast-production-01.webp,Precast wall works - Iran Hormuz section,precast-walls,Capability / gallery,PDF p.62,1280,959,Within the precast-wall project section following Iran Hormuz project heading.
/images/projects/precast-walls/precast-production-02.webp,Precast wall works - Iran Hormuz section,precast-walls,Capability / gallery,PDF p.62,1280,959,Within the precast-wall project section following Iran Hormuz project heading.
/images/projects/precast-walls/precast-installation-01.webp,Precast wall installation - Iran Hormuz section,precast-walls,Capability / gallery,PDF p.64,1032,581,Within the precast-wall project section.
/images/projects/precast-walls/precast-installation-02.webp,Precast wall installation - Iran Hormuz section,precast-walls,Capability / gallery,PDF p.66,1280,959,Within the precast-wall project section.
/images/projects/precast-walls/precast-completed-01.webp,Completed precast perimeter wall,precast-walls,Capability / gallery,PDF p.67,1280,959,Within the precast-wall project section.
/images/projects/residential/qom-national-housing-01.webp,"440-unit National Housing Movement project, Qom",residential,Project,PDF p.86,1280,591,Photo page immediately following the documented 440-unit Qom project heading on p.85.
/images/projects/residential/qom-national-housing-02.webp,"440-unit National Housing Movement project, Qom",residential,Project,PDF p.86,1280,591,Photo page immediately following the documented 440-unit Qom project heading on p.85.
/images/projects/residential/qom-national-housing-03.webp,"440-unit National Housing Movement project, Qom",residential,Project,PDF p.87,1280,591,Within the photo sequence following the documented Qom project heading.
/images/projects/residential/qom-national-housing-04.webp,"440-unit National Housing Movement project, Qom",residential,Project,PDF p.88,1280,591,Within the photo sequence following the documented Qom project heading.
/images/projects/residential/qom-national-housing-05.webp,"440-unit National Housing Movement project, Qom",residential,Project,PDF p.88,1280,591,Within the photo sequence following the documented Qom project heading.
/images/projects/residential/pardis-mehr-housing-01.webp,Pardis Mehr Housing - completion/defect correction,residential,Project,PDF p.92,1280,720,"Photo sequence after p.90 heading: four 59-unit blocks, Phase 11 Pardis."
/images/projects/residential/pardis-mehr-housing-02.webp,Pardis Mehr Housing - completion/defect correction,residential,Project,PDF p.92,1280,720,"Photo sequence after p.90 heading: four 59-unit blocks, Phase 11 Pardis."
/images/projects/residential/pardis-mehr-housing-03.webp,Pardis Mehr Housing - completion/defect correction,residential,Project,PDF p.93,1280,720,"Photo sequence after p.90 heading: four 59-unit blocks, Phase 11 Pardis."
/images/projects/residential/pardis-mehr-housing-04.webp,Pardis Mehr Housing - completion/defect correction,residential,Project,PDF p.93,1280,720,"Photo sequence after p.90 heading: four 59-unit blocks, Phase 11 Pardis."
